name,longitude,latitude,prov,date
"Pieris virginiensis Edwards, 1870",-85.46315,35.492486,gbif,2019-03-31
"Pieris virginiensis Edwards, 1870",-83.533297,35.745275,gbif,2019-04-24
"Pieris virginiensis Edwards, 1870",-83.219597,35.424925,gbif,2019-04-09
"Pieris virginiensis Edwards, 1870",-83.433185,35.046183,gbif,2019-04-05
"Pieris virginiensis Edwards, 1870",-83.095895,35.698576,gbif,2019-04-10
"Pieris virginiensis Edwards, 1870",-82.333544,35.673052,gbif,2019-04-11
"Pieris virginiensis Edwards, 1870",-83.363383,35.545955,gbif,2019-04-09
"Pieris virginiensis Edwards, 1870",-81.79111,41.325854,gbif,2019-04-22
"Pieris virginiensis Edwards, 1870",-83.243933,35.555829,gbif,2019-04-22
"Pieris virginiensis Edwards, 1870",-78.212594,42.196651,gbif,2019-04-25
"Pieris virginiensis Edwards, 1870",-80.116276,41.174412,gbif,2019-04-27
"Pieris virginiensis Edwards, 1870",-80.954599,41.523476,gbif,2019-04-20
"Pieris virginiensis Edwards, 1870",-81.080401,41.115518,gbif,2019-04-23
"Pieris virginiensis Edwards, 1870",-79.455099,38.626833,gbif,2019-04-10
"Pieris virginiensis Edwards, 1870",-79.435027,39.297339,gbif,2019-04-22
"Pieris virginiensis Edwards, 1870",-81.038786,41.253151,gbif,2019-04-27
"Pieris virginiensis Edwards, 1870",-81.13991,41.298934,gbif,2019-04-27
"Pieris virginiensis Edwards, 1870",-84.47111,36.074474,gbif,2019-04-10
"Pieris virginiensis Edwards, 1870",-79.700942,40.680509,gbif,2019-04-18
"Pieris virginiensis Edwards, 1870",-81.120258,41.04738,gbif,2019-04-23
"Pieris virginiensis Edwards, 1870",-83.648801,35.781051,gbif,2019-04-11
"Pieris virginiensis Edwards, 1870",-83.425634,35.016044,gbif,2019-04-05
"Pieris virginiensis Edwards, 1870",-83.976496,35.238225,gbif,2019-04-23
"Pieris virginiensis Edwards, 1870",-88.723816,45.239676,gbif,2019-05-30
"Pieris virginiensis Edwards, 1870",-80.464682,41.917741,gbif,2019-05-05
"Pieris virginiensis Edwards, 1870",-79.82766,43.502063,gbif,2019-05-17
"Pieris virginiensis Edwards, 1870",-79.273693,39.209753,gbif,2019-05-17
"Pieris virginiensis Edwards, 1870",-72.95557,43.582304,gbif,2019-05-17
"Pieris virginiensis Edwards, 1870",-79.855266,43.597367,gbif,2019-05-08
"Pieris virginiensis Edwards, 1870",-88.697522,45.332149,gbif,2019-05-30
"Pieris virginiensis Edwards, 1870",-82.20569,36.423715,gbif,2019-05-01
"Pieris virginiensis Edwards, 1870",-76.406337,44.509753,gbif,2019-05-15
"Pieris virginiensis Edwards, 1870",-86.138664,44.434789,gbif,2019-05-10
"Pieris virginiensis Edwards, 1870",-78.578002,44.746406,gbif,2019-05-19
"Pieris virginiensis Edwards, 1870",-80.500855,41.983378,gbif,2019-05-06
"Pieris virginiensis Edwards, 1870",-86.069666,44.49797,gbif,2019-05-11
"Pieris virginiensis Edwards, 1870",-78.528821,40.712379,gbif,2019-05-03
"Pieris virginiensis Edwards, 1870",-85.218877,34.653384,gbif,2018-03-24
"Pieris virginiensis Edwards, 1870",-82.232818,35.299612,gbif,2018-03-29
"Pieris virginiensis Edwards, 1870",-81.279045,41.50161,gbif,2018-04-30
"Pieris virginiensis Edwards, 1870",-79.689119,39.152458,gbif,2018-04-22
"Pieris virginiensis Edwards, 1870",-79.745492,39.165249,gbif,2018-04-22
"Pieris virginiensis Edwards, 1870",-79.986905,39.553898,gbif,2018-04-23
"Pieris virginiensis Edwards, 1870",-79.462068,39.822609,gbif,2018-04-30
"Pieris virginiensis Edwards, 1870",-79.568938,40.753228,gbif,2018-04-28
"Pieris virginiensis Edwards, 1870",-82.965484,35.841867,gbif,2018-04-13
"Pieris virginiensis Edwards, 1870",-79.506291,39.880615,gbif,2018-04-30
"Pieris virginiensis Edwards, 1870",-82.953264,35.833373,gbif,2018-04-13
"Pieris virginiensis Edwards, 1870",-82.836599,35.929391,gbif,2018-04-13
"Pieris virginiensis Edwards, 1870",-76.84825,42.330944,gbif,2018-05-14
"Pieris virginiensis Edwards, 1870",-73.060645,44.695056,gbif,2018-05-11
"Pieris virginiensis Edwards, 1870",-79.93704,43.526273,gbif,2018-05-01
"Pieris virginiensis Edwards, 1870",-80.571775,41.903858,gbif,2018-05-06
"Pieris virginiensis Edwards, 1870",-79.469312,39.971117,gbif,2018-05-01
"Pieris virginiensis Edwards, 1870",-79.543601,39.966911,gbif,2018-05-01
"Pieris virginiensis Edwards, 1870",-78.493684,44.625301,gbif,2018-05-18
"Pieris virginiensis Edwards, 1870",-79.498065,39.996604,gbif,2018-05-01
"Pieris virginiensis Edwards, 1870",-79.335641,40.298947,gbif,2018-05-05
"Pieris virginiensis Edwards, 1870",-78.470434,44.602026,gbif,2018-05-17
"Pieris virginiensis Edwards, 1870",-79.946047,43.517125,gbif,2018-05-05
"Pieris virginiensis Edwards, 1870",-79.581001,38.990333,gbif,2018-05-09
"Pieris virginiensis Edwards, 1870",-79.934516,43.541637,gbif,2018-05-12
"Pieris virginiensis Edwards, 1870",-79.145849,42.13201,gbif,2018-05-02
"Pieris virginiensis Edwards, 1870",-79.920223,43.594053,gbif,2018-05-11
"Pieris virginiensis Edwards, 1870",-79.553837,39.885421,gbif,2018-05-01
"Pieris virginiensis Edwards, 1870",-79.598087,38.693724,gbif,2018-05-23
"Pieris virginiensis Edwards, 1870",-79.589584,39.983548,gbif,2018-05-12
"Pieris virginiensis Edwards, 1870",-73.281826,42.611285,gbif,2018-06-02
"Pieris virginiensis Edwards, 1870",-73.115789,42.659954,gbif,2018-06-03
"Pieris virginiensis Edwards, 1870",-80.337273,38.222549,gbif,2017-04-18
"Pieris virginiensis Edwards, 1870",-85.368351,34.751136,gbif,2017-04-01
"Pieris virginiensis Edwards, 1870",-81.108787,41.021289,gbif,2017-04-20
"Pieris virginiensis Edwards, 1870",-79.87528,39.473574,gbif,2017-04-09
"Pieris virginiensis Edwards, 1870",-83.076889,35.684461,gbif,2017-04-10
"Pieris virginiensis Edwards, 1870",-80.662329,41.891419,gbif,2017-04-26
"Pieris virginiensis Edwards, 1870",-79.942711,43.546605,gbif,2017-04-26
"Pieris virginiensis Edwards, 1870",-79.859188,43.50738,gbif,2017-04-26
"Pieris virginiensis Edwards, 1870",-80.115123,41.786539,gbif,2017-04-16
"Pieris virginiensis Edwards, 1870",-72.404447,43.042921,gbif,2017-04-28
"Pieris virginiensis Edwards, 1870",-72.516895,42.508547,gbif,2017-05-04
"Pieris virginiensis Edwards, 1870",-72.477368,42.471128,gbif,2017-05-04
"Pieris virginiensis Edwards, 1870",-81.203723,41.438162,gbif,2016-04-19
"Pieris virginiensis Edwards, 1870",-80.00159,41.062797,gbif,2016-04-30
"Pieris virginiensis Edwards, 1870",-79.612998,39.019086,gbif,2016-04-28
"Pieris virginiensis Edwards, 1870",-81.010417,40.520145,gbif,2016-04-16
"Pieris virginiensis Edwards, 1870",-73.132588,43.711131,gbif,2016-04-24
"Pieris virginiensis Edwards, 1870",-79.761439,39.507003,gbif,2016-04-30
"Pieris virginiensis Edwards, 1870",-81.334606,41.530391,gbif,2016-04-18
"Pieris virginiensis Edwards, 1870",-84.44928,36.058759,gbif,2016-04-08
"Pieris virginiensis Edwards, 1870",-73.231439,42.383414,gbif,2016-04-20
"Pieris virginiensis Edwards, 1870",-81.168567,41.069763,gbif,2016-04-15
"Pieris virginiensis Edwards, 1870",-80.562032,41.991219,gbif,2016-04-27
"Pieris virginiensis Edwards, 1870",-84.56301,47.394618,gbif,2016-05-09
"Pieris virginiensis Edwards, 1870",-89.118747,45.296281,gbif,2016-05-29
"Pieris virginiensis Edwards, 1870",-85.503004,35.087085,gbif,2015-03-31
"Pieris virginiensis Edwards, 1870",-83.73789,35.675744,gbif,2015-03-29
"Pieris virginiensis Edwards, 1870",-81.230952,41.466864,gbif,2015-04-29
"Pieris virginiensis Edwards, 1870",-86.216739,36.038263,gbif,2015-04-01
"Pieris virginiensis Edwards, 1870",-81.019881,41.010165,gbif,2015-04-25
"Pieris virginiensis Edwards, 1870",-80.025957,41.177081,gbif,2015-04-29
"Pieris virginiensis Edwards, 1870",-83.694378,35.702882,gbif,2015-04-04
"Pieris virginiensis Edwards, 1870",-86.288976,36.132229,gbif,2015-04-01
"Pieris virginiensis Edwards, 1870",-79.492248,39.998826,gbif,2015-05-02
"Pieris virginiensis Edwards, 1870",-78.709544,42.174388,gbif,2015-05-02
"Pieris virginiensis Edwards, 1870",-79.42713,39.854315,gbif,2015-05-02
"Pieris virginiensis Edwards, 1870",-72.409371,42.856068,gbif,2015-05-07
"Pieris virginiensis Edwards, 1870",-79.582083,39.956922,gbif,2015-05-02
"Pieris virginiensis Edwards, 1870",-79.482659,39.896449,gbif,2014-04-19
"Pieris virginiensis Edwards, 1870",-79.67947,38.982619,gbif,2014-04-18
"Pieris virginiensis Edwards, 1870",-79.598926,39.842574,gbif,2014-04-19
"Pieris virginiensis Edwards, 1870",-79.418417,39.929229,gbif,2014-04-19
"Pieris virginiensis Edwards, 1870",-79.442763,39.964015,gbif,2014-04-19
"Pieris virginiensis Edwards, 1870",-79.588907,39.820271,gbif,2014-04-19
"Pieris virginiensis Edwards, 1870",-81.789856,41.335682,gbif,2014-04-24
"Pieris virginiensis Edwards, 1870",-79.467543,39.886006,gbif,2014-04-19
"Pieris virginiensis Edwards, 1870",-79.348764,40.188798,gbif,2014-05-13
"Pieris virginiensis Edwards, 1870",-80.16595,41.15467,gbif,2014-05-04
"Pieris virginiensis Edwards, 1870",-81.007283,41.099064,gbif,2014-05-12
"Pieris virginiensis Edwards, 1870",-79.346238,40.073417,gbif,2014-05-13
"Pieris virginiensis Edwards, 1870",-72.563361,42.908799,gbif,2014-05-01
"Pieris virginiensis Edwards, 1870",-80.410119,40.696799,gbif,2013-05-01
"Pieris virginiensis Edwards, 1870",-80.591534,40.676199,gbif,2013-05-01
"Pieris virginiensis Edwards, 1870",-79.593513,39.878228,gbif,2013-05-17
"Pieris virginiensis Edwards, 1870",-81.739207,36.129168,gbif,2012-04-07
"Pieris virginiensis Edwards, 1870",-84.638637,34.853432,gbif,2012-04-02
"Pieris virginiensis Edwards, 1870",-84.876056,36.55086,gbif,2012-04-10
"Pieris virginiensis Edwards, 1870",-79.99692,39.139755,gbif,2011-04-18
"Pieris virginiensis Edwards, 1870",-83.743416,34.643776,gbif,2011-04-24
"Pieris virginiensis Edwards, 1870",-78.581932,44.618049,gbif,2010-04-21
"Pieris virginiensis Edwards, 1870",-79.27462,39.5473,gbif,2010-05-01
"Pieris virginiensis Edwards, 1870",-79.63992,39.918724,gbif,2009-04-18
"Pieris virginiensis Edwards, 1870",-83.752266,35.052998,gbif,2009-05-13
"Pieris virginiensis Edwards, 1870",-80.70115,39.26348,gbif,2008-04-23
"Pieris virginiensis Edwards, 1870",-79.86778,38.781086,gbif,2008-04-21
"Pieris virginiensis Edwards, 1870",-77.82159,38.744102,gbif,2008-05-15
"Pieris virginiensis Edwards, 1870",-78.5,44.57,gbif,2008-05-25
"Pieris virginiensis Edwards, 1870",-80.25044,41.978898,gbif,2008-05-06
"Pieris virginiensis Edwards, 1870",-79.5206,41.8644,gbif,2008-05-24
"Pieris virginiensis Edwards, 1870",-78.5,44.57,gbif,2008-05-25
"Pieris virginiensis Edwards, 1870",-78.5,44.57,gbif,2008-05-25
"Pieris virginiensis Edwards, 1870",-86.52332,39.16075,gbif,2006-05-06
"Pieris virginiensis Edwards, 1870",-85.65424,34.069515,gbif,2005-04-01
"Pieris virginiensis Edwards, 1870",-83.99443,35.272121,gbif,2005-04-10
"Pieris virginiensis Edwards, 1870",-82.84749,36.179516,gbif,2005-04-05
"Pieris virginiensis Edwards, 1870",-83.848785,35.213,gbif,2005-04-10
"Pieris virginiensis Edwards, 1870",-83.908367,35.31977,gbif,2005-04-13
"Pieris virginiensis Edwards, 1870",-83.608248,35.31709,gbif,2005-04-29
"Pieris virginiensis Edwards, 1870",-73.192332,43.61981,gbif,2005-05-13
"Pieris virginiensis Edwards, 1870",-73.033199,43.688398,gbif,2005-06-02
"Pieris virginiensis Edwards, 1870",-79.880064,38.837834,gbif,2003-04-17
"Pieris virginiensis Edwards, 1870",-79.880064,38.837834,gbif,2003-04-15
"Pieris virginiensis Edwards, 1870",-79.880064,38.837834,gbif,2003-04-15
"Pieris virginiensis Edwards, 1870",-79.880064,38.837834,gbif,2003-04-20
"Pieris virginiensis Edwards, 1870",-79.880064,38.837834,gbif,2003-04-17
"Pieris virginiensis Edwards, 1870",-79.880064,38.837834,gbif,2003-04-16
"Pieris virginiensis Edwards, 1870",-79.880064,38.837834,gbif,2003-04-16
"Pieris virginiensis Edwards, 1870",-79.880064,38.837834,gbif,2003-04-16
"Pieris virginiensis Edwards, 1870",-79.880064,38.837834,gbif,2003-04-17
"Pieris virginiensis Edwards, 1870",-79.880064,38.837834,gbif,2003-04-16
"Pieris virginiensis Edwards, 1870",-79.880064,38.837834,gbif,2003-04-16
"Pieris virginiensis Edwards, 1870",-79.880064,38.837834,gbif,2003-04-17
"Pieris virginiensis Edwards, 1870",-79.880064,38.837834,gbif,2003-04-16
"Pieris virginiensis Edwards, 1870",-79.880064,38.837834,gbif,2003-04-16
"Pieris virginiensis Edwards, 1870",-79.880064,38.837834,gbif,2003-04-15
"Pieris virginiensis Edwards, 1870",-79.880064,38.837834,gbif,2003-04-15
"Pieris virginiensis Edwards, 1870",-79.880064,38.837834,gbif,2003-04-17
"Pieris virginiensis Edwards, 1870",-79.880064,38.837834,gbif,2003-04-17
"Pieris virginiensis Edwards, 1870",-79.880064,38.837834,gbif,2003-04-16
"Pieris virginiensis Edwards, 1870",-79.880064,38.837834,gbif,2003-04-16
"Pieris virginiensis Edwards, 1870",-79.880064,38.837834,gbif,2003-04-16
"Pieris virginiensis Edwards, 1870",-72.59165,42.58379,gbif,2003-05-04
"Pieris virginiensis Edwards, 1870",-78.002284,38.966491,gbif,2002-04-14
"Pieris virginiensis Edwards, 1870",-79.880064,38.837834,gbif,2002-04-15
"Pieris virginiensis Edwards, 1870",-78.002284,38.966491,gbif,2002-04-14
"Pieris virginiensis Edwards, 1870",-78.002284,38.966491,gbif,2002-04-14
"Pieris virginiensis Edwards, 1870",-78,38.9,gbif,2002-06-13
"Pieris virginiensis Edwards, 1870",-84.9873127679796,44.7968327118611,gbif,2001-05-19
"Pieris virginiensis Edwards, 1870",-84.419861,46.941521,gbif,2001-06-13
"Pieris virginiensis Edwards, 1870",-84.419861,46.941521,gbif,2001-06-13
"Pieris virginiensis Edwards, 1870",-84.419861,46.941521,gbif,2001-06-13
"Pieris virginiensis Edwards, 1870",-88.4792561526635,46.654250303123,gbif,2000-05-19
"Pieris virginiensis Edwards, 1870",-89.5671605213371,46.680318194823,gbif,2000-05-20
"Pieris virginiensis Edwards, 1870",-88.4792561526635,46.654250303123,gbif,2000-05-19
"Pieris virginiensis Edwards, 1870",-88.4792561526635,46.654250303123,gbif,2000-05-19
"Pieris virginiensis Edwards, 1870",-72.69875,41.92083,gbif,1998-04-22
"Pieris virginiensis Edwards, 1870",-84.373672,42.791697,gbif,1998-04-22
"Pieris virginiensis Edwards, 1870",-73.26125,41.9625,gbif,1998-05-01
"Pieris virginiensis Edwards, 1870",-84.9109320007627,45.6912881500374,gbif,1998-05-04
"Pieris virginiensis Edwards, 1870",-84.9109320007627,45.6912881500374,gbif,1998-05-04
"Pieris virginiensis Edwards, 1870",-84.913152061374,45.6865981683591,gbif,1998-05-06
"Pieris virginiensis Edwards, 1870",-85.0800186948584,46.4795252102743,gbif,1998-05-16
"Pieris virginiensis Edwards, 1870",-84.9109320007627,45.6912881500374,gbif,1998-05-04
"Pieris virginiensis Edwards, 1870",-84.9047018041299,45.6893081639313,gbif,1998-05-17
"Pieris virginiensis Edwards, 1870",-84.9109320007627,45.6912881500374,gbif,1998-05-04
"Pieris virginiensis Edwards, 1870",-84.9109320007627,45.6912881500374,gbif,1998-05-04
"Pieris virginiensis Edwards, 1870",-72.69875,41.92083,gbif,1997-04-21
"Pieris virginiensis Edwards, 1870",-73.01125,41.92083,gbif,1997-04-26
"Pieris virginiensis Edwards, 1870",-73.26125,41.9625,gbif,1997-05-15
"Pieris virginiensis Edwards, 1870",-73.19875,42.00417,gbif,1997-05-15
"Pieris virginiensis Edwards, 1870",-79.837472,43.582081,gbif,1997-05-24
"Pieris virginiensis Edwards, 1870",-72.76125,41.42083,gbif,1997-05-12
"Pieris virginiensis Edwards, 1870",-84.6,46.7984,gbif,1996-05-30
"Pieris virginiensis Edwards, 1870",-73.19875,41.50417,gbif,1995-04-26
"Pieris virginiensis Edwards, 1870",-72.76125,41.42083,gbif,1995-04-25
"Pieris virginiensis Edwards, 1870",-73.01125,41.9625,gbif,1995-05-16
"Pieris virginiensis Edwards, 1870",-72.69875,41.42083,gbif,1995-05-20
"Pieris virginiensis Edwards, 1870",-84.595949,44.907724,gbif,1994-05-14
"Pieris virginiensis Edwards, 1870",-80.2167,43.3667,gbif,1993-05-11
"Pieris virginiensis Edwards, 1870",-83.8833,46.2167,gbif,1992-05-30
"Pieris virginiensis Edwards, 1870",-80.0167,43.4624,gbif,1991-04-30
"Pieris virginiensis Edwards, 1870",-79.9238,43.3024,gbif,1991-04-25
"Pieris virginiensis Edwards, 1870",-79.9667,43.4,gbif,1991-04-25
"Pieris virginiensis Edwards, 1870",-79.9833,43.4103,gbif,1991-04-30
"Pieris virginiensis Edwards, 1870",-79.9238,43.3024,gbif,1991-04-25
"Pieris virginiensis Edwards, 1870",-80.0333,43.4,gbif,1991-05-15
"Pieris virginiensis Edwards, 1870",-80.1062,43.3665,gbif,1991-05-08
"Pieris virginiensis Edwards, 1870",-79.9933,43.4454,gbif,1991-05-15
"Pieris virginiensis Edwards, 1870",-86.175395,41.97751,gbif,1990-04-24
"Pieris virginiensis Edwards, 1870",-81.4693,42.6324,gbif,1990-04-26
"Pieris virginiensis Edwards, 1870",-86.175395,41.97751,gbif,1990-04-24
"Pieris virginiensis Edwards, 1870",-80.0167,43.8,gbif,1990-05-26
"Pieris virginiensis Edwards, 1870",-76.6167,44.8833,gbif,1990-05-26
"Pieris virginiensis Edwards, 1870",-84.904003,45.686623,gbif,1988-04-30
"Pieris virginiensis Edwards, 1870",-84.904003,45.686623,gbif,1988-04-30
"Pieris virginiensis Edwards, 1870",-81.5333,42.6667,gbif,1988-05-30
"Pieris virginiensis Edwards, 1870",-78.0231,43.9924,gbif,1988-07-21
"Pieris virginiensis Edwards, 1870",-79.9808,43.5202,gbif,1986-05-09
"Pieris virginiensis Edwards, 1870",-72.864883,42.640203,gbif,1986-05-18
"Pieris virginiensis Edwards, 1870",-72.906516,42.584869,gbif,1986-05-18
"Pieris virginiensis Edwards, 1870",-79.17782,41.75228,gbif,1985-05-16
"Pieris virginiensis Edwards, 1870",-84.904003,45.686623,gbif,1984-05-03
"Pieris virginiensis Edwards, 1870",-84.904003,45.686623,gbif,1984-05-03
"Pieris virginiensis Edwards, 1870",-84.904003,45.686623,gbif,1984-05-05
"Pieris virginiensis Edwards, 1870",-76.6167,44.7833,gbif,1984-05-19
"Pieris virginiensis Edwards, 1870",-76.62,44.07,gbif,1984-05-19
"Pieris virginiensis Edwards, 1870",-84.904003,45.686623,gbif,1984-05-24
"Pieris virginiensis Edwards, 1870",-76.6167,44.6667,gbif,1984-05-19
"Pieris virginiensis Edwards, 1870",-73.391395,41.305022,gbif,1983-04-01
"Pieris virginiensis Edwards, 1870",-73.391395,41.305022,gbif,1983-04-01
"Pieris virginiensis Edwards, 1870",-76.62,44.78,gbif,1983-05-13
"Pieris virginiensis Edwards, 1870",-76.6167,44.6667,gbif,1983-05-13
"Pieris virginiensis Edwards, 1870",-73.300569,41.553963,gbif,1983-05-07
"Pieris virginiensis Edwards, 1870",-76.62,44.07,gbif,1983-05-13
"Pieris virginiensis Edwards, 1870",-76.62,44.07,gbif,1983-05-13
"Pieris virginiensis Edwards, 1870",-84.904003,45.686623,gbif,1983-05-28
"Pieris virginiensis Edwards, 1870",-76.62,44.07,gbif,1983-05-13
"Pieris virginiensis Edwards, 1870",-76.62,44.07,gbif,1983-05-13
"Pieris virginiensis Edwards, 1870",-76.62,44.07,gbif,1983-05-13
"Pieris virginiensis Edwards, 1870",-76.6167,44.7833,gbif,1983-05-13
"Pieris virginiensis Edwards, 1870",-76.62,44.07,gbif,1983-05-13
"Pieris virginiensis Edwards, 1870",-73.42123,41.98343,gbif,1983-05-14
"Pieris virginiensis Edwards, 1870",-73.300569,41.553963,gbif,1983-05-07
"Pieris virginiensis Edwards, 1870",-76.62,44.07,gbif,1983-05-13
"Pieris virginiensis Edwards, 1870",-76.6167,44.6667,gbif,1983-05-13
"Pieris virginiensis Edwards, 1870",-84.904003,45.686623,gbif,1983-05-28
"Pieris virginiensis Edwards, 1870",-76.62,44.07,gbif,1983-05-13
"Pieris virginiensis Edwards, 1870",-76.62,44.07,gbif,1983-06-01
"Pieris virginiensis Edwards, 1870",-73.39418,42.11036,gbif,1982-05-14
"Pieris virginiensis Edwards, 1870",-73.39418,42.11036,gbif,1982-05-13
"Pieris virginiensis Edwards, 1870",-73.39418,42.11036,gbif,1982-05-13
"Pieris virginiensis Edwards, 1870",-76.55,44.6667,gbif,1982-05-15
"Pieris virginiensis Edwards, 1870",-73.39418,42.11036,gbif,1982-05-18
"Pieris virginiensis Edwards, 1870",-88.879378,46.88796,gbif,1982-05-24
"Pieris virginiensis Edwards, 1870",-73.39418,42.11036,gbif,1982-05-18
"Pieris virginiensis Edwards, 1870",-72.79121,41.39371,gbif,1981-04-19
"Pieris virginiensis Edwards, 1870",-72.79121,41.39371,gbif,1981-04-18
"Pieris virginiensis Edwards, 1870",-72.71704,41.36704,gbif,1981-04-10
"Pieris virginiensis Edwards, 1870",-72.79121,41.39371,gbif,1981-04-26
"Pieris virginiensis Edwards, 1870",-73.35078,41.96515,gbif,1981-05-14
"Pieris virginiensis Edwards, 1870",-72.79121,41.39371,gbif,1981-05-05
"Pieris virginiensis Edwards, 1870",-73.35078,41.96515,gbif,1981-05-14
"Pieris virginiensis Edwards, 1870",-84.342747,42.811977,gbif,1981-06-20
"Pieris virginiensis Edwards, 1870",-76.4654,44.4287,gbif,1980-05-17
"Pieris virginiensis Edwards, 1870",-79.9751,43.5796,gbif,1980-05-12
"Pieris virginiensis Edwards, 1870",-76.4654,44.4287,gbif,1980-05-17
"Pieris virginiensis Edwards, 1870",-79.9681,43.5775,gbif,1980-05-12
"Pieris virginiensis Edwards, 1870",-79.9751,43.5796,gbif,1980-05-12
"Pieris virginiensis Edwards, 1870",-76.5553,44.5677,gbif,1980-05-17
"Pieris virginiensis Edwards, 1870",-79.9751,43.5796,gbif,1980-05-12
"Pieris virginiensis Edwards, 1870",-79.9751,43.5796,gbif,1980-05-12
"Pieris virginiensis Edwards, 1870",-79.9751,43.5796,gbif,1980-05-12
"Pieris virginiensis Edwards, 1870",-79.9751,43.5796,gbif,1980-05-12
"Pieris virginiensis Edwards, 1870",-76.5553,44.5677,gbif,1980-05-17
"Pieris virginiensis Edwards, 1870",-79.9751,43.5796,gbif,1980-05-12
"Pieris virginiensis Edwards, 1870",-79.9751,43.5796,gbif,1980-05-12
"Pieris virginiensis Edwards, 1870",-79.9751,43.5796,gbif,1980-05-12
"Pieris virginiensis Edwards, 1870",-72.776749,41.36448,gbif,1979-04-29
"Pieris virginiensis Edwards, 1870",-72.776749,41.36448,gbif,1979-04-29
"Pieris virginiensis Edwards, 1870",-72.776749,41.36448,gbif,1979-04-29
"Pieris virginiensis Edwards, 1870",-72.776749,41.36448,gbif,1979-04-29
"Pieris virginiensis Edwards, 1870",-72.76732,41.3276,gbif,1979-04-28
"Pieris virginiensis Edwards, 1870",-72.776749,41.36448,gbif,1979-04-28
"Pieris virginiensis Edwards, 1870",-72.776749,41.36448,gbif,1979-04-22
"Pieris virginiensis Edwards, 1870",-72.776749,41.36448,gbif,1979-04-28
"Pieris virginiensis Edwards, 1870",-72.776749,41.36448,gbif,1979-04-29
"Pieris virginiensis Edwards, 1870",-72.776749,41.36448,gbif,1979-04-29
"Pieris virginiensis Edwards, 1870",-72.776749,41.36448,gbif,1979-04-29
"Pieris virginiensis Edwards, 1870",-72.776749,41.36448,gbif,1979-04-29
"Pieris virginiensis Edwards, 1870",-72.776749,41.36448,gbif,1979-04-29
"Pieris virginiensis Edwards, 1870",-72.79121,41.39371,gbif,1979-05-06
"Pieris virginiensis Edwards, 1870",-74.3,45.4833,gbif,1979-05-10
"Pieris virginiensis Edwards, 1870",-72.776749,41.36448,gbif,1979-05-01
"Pieris virginiensis Edwards, 1870",-73.9333,45.4167,gbif,1979-05-17
"Pieris virginiensis Edwards, 1870",-72.5637,41.35815,gbif,1979-05-12
"Pieris virginiensis Edwards, 1870",-72.79121,41.39371,gbif,1979-05-06
"Pieris virginiensis Edwards, 1870",-73.9333,45.4167,gbif,1979-05-14
"Pieris virginiensis Edwards, 1870",-80.109489,37.382632,gbif,1978-04-16
"Pieris virginiensis Edwards, 1870",-84.287754,42.519696,gbif,1978-04-29
"Pieris virginiensis Edwards, 1870",-79.8833,43.5,gbif,1978-05-10
"Pieris virginiensis Edwards, 1870",-79.8833,43.5,gbif,1978-05-10
"Pieris virginiensis Edwards, 1870",-79.8833,43.5,gbif,1978-05-10
"Pieris virginiensis Edwards, 1870",-79.8833,43.5,gbif,1978-05-10
"Pieris virginiensis Edwards, 1870",-74.24987,42.25036,gbif,1978-06-11
"Pieris virginiensis Edwards, 1870",-74.42,43.97,gbif,1977-05-22
"Pieris virginiensis Edwards, 1870",-89.43151,45.065425,gbif,1977-05-08
"Pieris virginiensis Edwards, 1870",-79.9793,43.4892,gbif,1977-05-14
"Pieris virginiensis Edwards, 1870",-79.8833,43.5,gbif,1976-04-02
"Pieris virginiensis Edwards, 1870",-79.9793,43.4892,gbif,1976-05-01
"Pieris virginiensis Edwards, 1870",-79.9793,43.4892,gbif,1976-05-01
"Pieris virginiensis Edwards, 1870",-79.9833,43.4833,gbif,1976-05-05
"Pieris virginiensis Edwards, 1870",-79.9793,43.4892,gbif,1976-05-01
"Pieris virginiensis Edwards, 1870",-79.9793,43.4892,gbif,1976-05-01
"Pieris virginiensis Edwards, 1870",-79.9793,43.4892,gbif,1976-05-01
"Pieris virginiensis Edwards, 1870",-79.9833,43.4833,gbif,1976-05-14
"Pieris virginiensis Edwards, 1870",-79.9808,43.5202,gbif,1976-05-20
"Pieris virginiensis Edwards, 1870",-72.776749,41.36448,gbif,1976-05-06
"Pieris virginiensis Edwards, 1870",-79.9793,43.4892,gbif,1976-05-01
"Pieris virginiensis Edwards, 1870",-73.166214,42.473696,gbif,1976-05-10
"Pieris virginiensis Edwards, 1870",-79.9559,39.702,gbif,1976-05-10
"Pieris virginiensis Edwards, 1870",-73.166214,42.473696,gbif,1976-05-10
"Pieris virginiensis Edwards, 1870",-73.166214,42.473696,gbif,1976-05-10
"Pieris virginiensis Edwards, 1870",-80.22425,39.53991,gbif,1975-04-21
"Pieris virginiensis Edwards, 1870",-79.9833,43.4833,gbif,1975-04-27
"Pieris virginiensis Edwards, 1870",-80.22425,39.53991,gbif,1975-04-04
"Pieris virginiensis Edwards, 1870",-79.9833,43.4833,gbif,1975-04-27
"Pieris virginiensis Edwards, 1870",-79.9559,39.702,gbif,1975-05-09
"Pieris virginiensis Edwards, 1870",-79.492203,39.873299,gbif,1975-05-14
"Pieris virginiensis Edwards, 1870",-79.9559,39.702,gbif,1975-05-01
"Pieris virginiensis Edwards, 1870",-79.492203,39.873299,gbif,1975-05-14
"Pieris virginiensis Edwards, 1870",-84.924743,45.686101,gbif,1975-05-10
"Pieris virginiensis Edwards, 1870",-84.924743,45.686101,gbif,1975-05-10
"Pieris virginiensis Edwards, 1870",-92.106579,47.217575,gbif,1975-06-19
"Pieris virginiensis Edwards, 1870",-92.106579,47.217575,gbif,1975-06-19
"Pieris virginiensis Edwards, 1870",-92.106579,47.217575,gbif,1975-07-15
"Pieris virginiensis Edwards, 1870",-92.106579,47.217575,gbif,1975-07-15
"Pieris virginiensis Edwards, 1870",-84.924743,45.686101,gbif,1974-05-26
"Pieris virginiensis Edwards, 1870",-73.314544,41.652294,gbif,1974-05-05
"Pieris virginiensis Edwards, 1870",-73.314544,41.652294,gbif,1974-05-05
"Pieris virginiensis Edwards, 1870",-73.27599,42.371639,gbif,1973-05-23
"Pieris virginiensis Edwards, 1870",-73.27599,42.371639,gbif,1973-05-23
"Pieris virginiensis Edwards, 1870",-79.9833,43.4833,gbif,1973-05-05
"Pieris virginiensis Edwards, 1870",-78.44029,39.07511,gbif,1973-05-19
"Pieris virginiensis Edwards, 1870",-79.9833,43.4833,gbif,1973-05-05
"Pieris virginiensis Edwards, 1870",-78.44029,39.07511,gbif,1973-05-19
"Pieris virginiensis Edwards, 1870",-79.9833,43.4833,gbif,1973-05-09
"Pieris virginiensis Edwards, 1870",-82.3701,45.8952,gbif,1973-05-20
"Pieris virginiensis Edwards, 1870",-82.3701,45.8952,gbif,1973-05-20
"Pieris virginiensis Edwards, 1870",-79.9833,43.4833,gbif,1973-05-05
"Pieris virginiensis Edwards, 1870",-78.44029,39.07511,gbif,1973-05-19
"Pieris virginiensis Edwards, 1870",-78.44029,39.07511,gbif,1973-05-19
"Pieris virginiensis Edwards, 1870",-73.188724,41.747319,gbif,1972-05-01
"Pieris virginiensis Edwards, 1870",-73.327152,41.646879,gbif,1972-05-08
"Pieris virginiensis Edwards, 1870",-73.188724,41.747319,gbif,1972-05-01
"Pieris virginiensis Edwards, 1870",-73.188724,41.747319,gbif,1972-05-01
"Pieris virginiensis Edwards, 1870",-73.188724,41.747319,gbif,1972-05-01
"Pieris virginiensis Edwards, 1870",-73.310673,41.631484,gbif,1972-05-01
"Pieris virginiensis Edwards, 1870",-73.188724,41.747319,gbif,1972-05-01
"Pieris virginiensis Edwards, 1870",-73.188724,41.747319,gbif,1972-05-01
"Pieris virginiensis Edwards, 1870",-73.188724,41.747319,gbif,1972-05-01
"Pieris virginiensis Edwards, 1870",-73.310673,41.631484,gbif,1972-05-01
"Pieris virginiensis Edwards, 1870",-73.188724,41.747319,gbif,1972-05-01
"Pieris virginiensis Edwards, 1870",-73.188724,41.747319,gbif,1972-05-01
"Pieris virginiensis Edwards, 1870",-73.24532,41.7925,gbif,1972-01-01
"Pieris virginiensis Edwards, 1870",-79.9808,43.5202,gbif,1971-05-05
"Pieris virginiensis Edwards, 1870",-79.9833,43.4833,gbif,1971-05-09
"Pieris virginiensis Edwards, 1870",-79.9808,43.5202,gbif,1971-05-05
"Pieris virginiensis Edwards, 1870",-79.9833,43.4833,gbif,1971-05-09
"Pieris virginiensis Edwards, 1870",-79.9833,43.4833,gbif,1971-05-09
"Pieris virginiensis Edwards, 1870",-79.9808,43.5202,gbif,1971-05-05
"Pieris virginiensis Edwards, 1870",-80.22425,39.53991,gbif,1970-04-25
"Pieris virginiensis Edwards, 1870",-79.8833,43.5,gbif,1970-04-29
"Pieris virginiensis Edwards, 1870",-79.8833,43.5,gbif,1970-04-26
"Pieris virginiensis Edwards, 1870",-80.22425,39.53991,gbif,1970-04-25
"Pieris virginiensis Edwards, 1870",-79.9838,43.4879,gbif,1970-05-03
"Pieris virginiensis Edwards, 1870",-79.9833,43.4833,gbif,1970-05-09
"Pieris virginiensis Edwards, 1870",-79.8833,43.5,gbif,1970-05-10
"Pieris virginiensis Edwards, 1870",-79.9838,43.4879,gbif,1970-05-03
"Pieris virginiensis Edwards, 1870",-79.9833,43.4833,gbif,1970-06-14
"Pieris virginiensis Edwards, 1870",-80.22425,39.53991,gbif,1969-04-26
"Pieris virginiensis Edwards, 1870",-79.8833,43.5,gbif,1969-04-27
"Pieris virginiensis Edwards, 1870",-79.8833,43.5,gbif,1969-04-30
"Pieris virginiensis Edwards, 1870",-79.8833,43.5,gbif,1969-04-30
"Pieris virginiensis Edwards, 1870",-80.22425,39.53991,gbif,1969-04-26
"Pieris virginiensis Edwards, 1870",-79.9808,43.5202,gbif,1969-04-27
"Pieris virginiensis Edwards, 1870",-79.8833,43.5,gbif,1969-04-30
"Pieris virginiensis Edwards, 1870",-79.9808,43.5202,gbif,1969-05-03
"Pieris virginiensis Edwards, 1870",-73.9333,45.4167,gbif,1969-05-16
"Pieris virginiensis Edwards, 1870",-79.9808,43.5202,gbif,1969-05-01
"Pieris virginiensis Edwards, 1870",-79.95951,39.64092,gbif,1969-05-03
"Pieris virginiensis Edwards, 1870",-79.9808,43.5202,gbif,1969-05-03
"Pieris virginiensis Edwards, 1870",-79.8833,43.5,gbif,1969-05-03
"Pieris virginiensis Edwards, 1870",-79.95951,39.64092,gbif,1969-05-03
"Pieris virginiensis Edwards, 1870",-79.37477,38.83497,gbif,1969-05-03
"Pieris virginiensis Edwards, 1870",-79.8833,43.5,gbif,1969-05-01
"Pieris virginiensis Edwards, 1870",-79.37477,38.83497,gbif,1969-05-03
"Pieris virginiensis Edwards, 1870",-79.37477,38.83497,gbif,1969-05-03
"Pieris virginiensis Edwards, 1870",-79.9808,43.5202,gbif,1969-05-01
"Pieris virginiensis Edwards, 1870",-79.9793,43.4892,gbif,1968-04-27
"Pieris virginiensis Edwards, 1870",-79.8833,43.5,gbif,1968-04-20
"Pieris virginiensis Edwards, 1870",-79.492203,39.873299,gbif,1968-04-26
"Pieris virginiensis Edwards, 1870",-79.9793,43.4892,gbif,1968-04-27
"Pieris virginiensis Edwards, 1870",-79.9793,43.4892,gbif,1968-04-27
"Pieris virginiensis Edwards, 1870",-79.9793,43.4892,gbif,1968-04-27
"Pieris virginiensis Edwards, 1870",-79.9793,43.4892,gbif,1968-04-27
"Pieris virginiensis Edwards, 1870",-79.9793,43.4892,gbif,1968-04-27
"Pieris virginiensis Edwards, 1870",-79.9793,43.4892,gbif,1968-04-27
"Pieris virginiensis Edwards, 1870",-79.9793,43.4892,gbif,1968-04-24
"Pieris virginiensis Edwards, 1870",-79.9833,43.4833,gbif,1968-04-23
"Pieris virginiensis Edwards, 1870",-79.9793,43.4892,gbif,1968-04-28
"Pieris virginiensis Edwards, 1870",-80.22425,39.53991,gbif,1968-04-13
"Pieris virginiensis Edwards, 1870",-79.9793,43.4892,gbif,1968-05-01
"Pieris virginiensis Edwards, 1870",-79.9793,43.4892,gbif,1967-04-30
"Pieris virginiensis Edwards, 1870",-79.9793,43.4892,gbif,1967-04-30
"Pieris virginiensis Edwards, 1870",-79.9793,43.4892,gbif,1967-04-30
"Pieris virginiensis Edwards, 1870",-79.9833,43.4833,gbif,1967-05-14
"Pieris virginiensis Edwards, 1870",-77.0735,41.7437,gbif,1967-05-21
"Pieris virginiensis Edwards, 1870",-79.9808,43.5202,gbif,1967-05-16
"Pieris virginiensis Edwards, 1870",-79.9808,43.5202,gbif,1967-05-16
"Pieris virginiensis Edwards, 1870",-79.9808,43.5202,gbif,1967-05-16
"Pieris virginiensis Edwards, 1870",-79.9833,43.4833,gbif,1967-05-14
"Pieris virginiensis Edwards, 1870",-79.9808,43.5202,gbif,1967-05-16
"Pieris virginiensis Edwards, 1870",-79.9808,43.5202,gbif,1967-05-16
"Pieris virginiensis Edwards, 1870",-79.9808,43.5202,gbif,1966-05-15
"Pieris virginiensis Edwards, 1870",-84.924743,45.686101,gbif,1966-05-24
"Pieris virginiensis Edwards, 1870",-79.9808,43.5202,gbif,1966-05-15
"Pieris virginiensis Edwards, 1870",-79.9793,43.4892,gbif,1966-05-08
"Pieris virginiensis Edwards, 1870",-79.9808,43.5202,gbif,1966-05-15
"Pieris virginiensis Edwards, 1870",-79.9793,43.4892,gbif,1966-05-15
"Pieris virginiensis Edwards, 1870",-79.9808,43.5202,gbif,1966-05-19
"Pieris virginiensis Edwards, 1870",-79.9808,43.5202,gbif,1966-05-19
"Pieris virginiensis Edwards, 1870",-84.924743,45.686101,gbif,1966-05-22
"Pieris virginiensis Edwards, 1870",-79.9808,43.5202,gbif,1966-05-19
"Pieris virginiensis Edwards, 1870",-79.9793,43.4892,gbif,1966-05-15
"Pieris virginiensis Edwards, 1870",-79.9793,43.4892,gbif,1966-05-15
"Pieris virginiensis Edwards, 1870",-79.9793,43.4892,gbif,1966-05-08
"Pieris virginiensis Edwards, 1870",-79.9808,43.5202,gbif,1966-05-15
"Pieris virginiensis Edwards, 1870",-79.9808,43.5202,gbif,1966-05-15
"Pieris virginiensis Edwards, 1870",-79.9808,43.5202,gbif,1966-05-15
"Pieris virginiensis Edwards, 1870",-79.9808,43.5202,gbif,1966-05-15
"Pieris virginiensis Edwards, 1870",-79.9808,43.5202,gbif,1966-05-07
"Pieris virginiensis Edwards, 1870",-79.9808,43.5202,gbif,1966-05-19
"Pieris virginiensis Edwards, 1870",-79.9793,43.4892,gbif,1965-05-09
"Pieris virginiensis Edwards, 1870",-73.336507,41.613428999999996,gbif,1965-05-02
"Pieris virginiensis Edwards, 1870",-85.006515,45.312635,gbif,1965-05-11
"Pieris virginiensis Edwards, 1870",-85.006515,45.312635,gbif,1965-05-11
"Pieris virginiensis Edwards, 1870",-79.9793,43.4892,gbif,1965-05-09
"Pieris virginiensis Edwards, 1870",-83.494,35.725,gbif,1964-04-11
"Pieris virginiensis Edwards, 1870",-73.314544,41.652294,gbif,1964-04-27
"Pieris virginiensis Edwards, 1870",-73.336507,41.613428999999996,gbif,1964-04-27
"Pieris virginiensis Edwards, 1870",-73.336507,41.613428999999996,gbif,1964-04-27
"Pieris virginiensis Edwards, 1870",-73.336507,41.613428999999996,gbif,1964-04-17
"Pieris virginiensis Edwards, 1870",-83.494,35.725,gbif,1964-05-03
"Pieris virginiensis Edwards, 1870",-72.7945,41.5368,gbif,1964-05-08
"Pieris virginiensis Edwards, 1870",-73.11566,42.48759,gbif,1964-05-16
"Pieris virginiensis Edwards, 1870",-83.494,35.725,gbif,1964-05-02
"Pieris virginiensis Edwards, 1870",-73.314544,41.652294,gbif,1964-05-06
"Pieris virginiensis Edwards, 1870",-73.336507,41.613428999999996,gbif,1964-05-02
"Pieris virginiensis Edwards, 1870",-73.336507,41.613428999999996,gbif,1964-05-02
"Pieris virginiensis Edwards, 1870",-73.25066,42.45006,gbif,1964-05-09
"Pieris virginiensis Edwards, 1870",-73.31111,41.63139,gbif,1964-06-08
"Pieris virginiensis Edwards, 1870",-71.901754,44.10312,gbif,1963-01-01
"Pieris virginiensis Edwards, 1870",-71.901754,44.10312,gbif,1963-01-01
"Pieris virginiensis Edwards, 1870",-71.901754,44.10312,gbif,1963-01-01
"Pieris virginiensis Edwards, 1870",-71.901754,44.10312,gbif,1963-01-01
"Pieris virginiensis Edwards, 1870",-71.901754,44.10312,gbif,1963-01-01
"Pieris virginiensis Edwards, 1870",-71.901754,44.10312,gbif,1963-01-01
"Pieris virginiensis Edwards, 1870",-86.251222,46.034039,gbif,1963-05-31
"Pieris virginiensis Edwards, 1870",-72.7945,41.5368,gbif,1963-05-03
"Pieris virginiensis Edwards, 1870",-72.80704,41.53815,gbif,1963-05-08
"Pieris virginiensis Edwards, 1870",-72.80704,41.53815,gbif,1963-05-05
"Pieris virginiensis Edwards, 1870",-72.80704,41.53815,gbif,1963-05-05
"Pieris virginiensis Edwards, 1870",-72.80704,41.53815,gbif,1963-05-05
"Pieris virginiensis Edwards, 1870",-72.80704,41.53815,gbif,1963-05-05
"Pieris virginiensis Edwards, 1870",-85.123636,46.049689,gbif,1963-06-02
"Pieris virginiensis Edwards, 1870",-71.901754,44.10312,gbif,1963-01-01
"Pieris virginiensis Edwards, 1870",-73.336507,41.613428999999996,gbif,1962-05-13
"Pieris virginiensis Edwards, 1870",-73.327152,41.646879,gbif,1962-05-13
"Pieris virginiensis Edwards, 1870",-73.336507,41.613428999999996,gbif,1962-05-18
"Pieris virginiensis Edwards, 1870",-73.314544,41.652294,gbif,1961-04-21
"Pieris virginiensis Edwards, 1870",-73.9333,45.4167,gbif,1960-05-01
"Pieris virginiensis Edwards, 1870",-84.98147,45.587543,gbif,1958-05-08
"Pieris virginiensis Edwards, 1870",-73.310673,41.631484,gbif,1957-04-24
"Pieris virginiensis Edwards, 1870",-73.310673,41.631484,gbif,1957-04-24
"Pieris virginiensis Edwards, 1870",-84.98147,45.587543,gbif,1956-05-27
"Pieris virginiensis Edwards, 1870",-84.98147,45.587543,gbif,1956-05-28
"Pieris virginiensis Edwards, 1870",-73.310673,41.631484,gbif,1956-05-19
"Pieris virginiensis Edwards, 1870",-84.98147,45.587543,gbif,1956-05-27
"Pieris virginiensis Edwards, 1870",-84.98147,45.587543,gbif,1956-05-28
"Pieris virginiensis Edwards, 1870",-84.98147,45.587543,gbif,1956-05-27
"Pieris virginiensis Edwards, 1870",-84.98147,45.587543,gbif,1956-05-28
"Pieris virginiensis Edwards, 1870",-84.98147,45.587543,gbif,1956-05-28
"Pieris virginiensis Edwards, 1870",-73.314544,41.652294,gbif,1955-04-30
"Pieris virginiensis Edwards, 1870",-73.336507,41.613428999999996,gbif,1955-05-09
"Pieris virginiensis Edwards, 1870",-73.314544,41.652294,gbif,1955-05-02
"Pieris virginiensis Edwards, 1870",-73.336507,41.613428999999996,gbif,1955-05-02
"Pieris virginiensis Edwards, 1870",-73.314544,41.652294,gbif,1955-05-09
"Pieris virginiensis Edwards, 1870",-73.336507,41.613428999999996,gbif,1955-05-09
"Pieris virginiensis Edwards, 1870",-73.336507,41.613428999999996,gbif,1955-05-05
"Pieris virginiensis Edwards, 1870",-73.314544,41.652294,gbif,1955-05-05
"Pieris virginiensis Edwards, 1870",-79.5439,43.6665,gbif,1955-05-15
"Pieris virginiensis Edwards, 1870",-73.336507,41.613428999999996,gbif,1955-05-05
"Pieris virginiensis Edwards, 1870",-79.5439,43.6665,gbif,1955-05-01
"Pieris virginiensis Edwards, 1870",-85.175794,45.007375,gbif,1955-05-12
"Pieris virginiensis Edwards, 1870",-73.314544,41.652294,gbif,1954-04-30
"Pieris virginiensis Edwards, 1870",-73.9333,45.4167,gbif,1954-05-15
"Pieris virginiensis Edwards, 1870",-72.74871,43.60007,gbif,1954-01-01
"Pieris virginiensis Edwards, 1870",-72.74871,43.60007,gbif,1954-01-01
"Pieris virginiensis Edwards, 1870",-72.74871,43.60007,gbif,1954-01-01
"Pieris virginiensis Edwards, 1870",-73.310673,41.631484,gbif,1953-01-01
"Pieris virginiensis Edwards, 1870",-73.9333,45.4167,gbif,1953-05-09
"Pieris virginiensis Edwards, 1870",-73.314544,41.652294,gbif,1953-05-11
"Pieris virginiensis Edwards, 1870",-73.336507,41.613428999999996,gbif,1953-10-05
"Pieris virginiensis Edwards, 1870",-73.310673,41.631484,gbif,1953-01-01
"Pieris virginiensis Edwards, 1870",-73.5833,45.5,gbif,1951-05-13
"Pieris virginiensis Edwards, 1870",-83.56266,35.35704,gbif,1951-05-07
"Pieris virginiensis Edwards, 1870",-73.9553,45.3929,gbif,1951-05-06
"Pieris virginiensis Edwards, 1870",-73.9553,45.3929,gbif,1951-05-06
"Pieris virginiensis Edwards, 1870",-83.42488,35.61121,gbif,1951-05-09
"Pieris virginiensis Edwards, 1870",-83.42488,35.61121,gbif,1951-05-09
"Pieris virginiensis Edwards, 1870",-73.9167,45.35,gbif,1950-05-26
"Pieris virginiensis Edwards, 1870",-73.6333,41.0333,gbif,1948-05-11
"Pieris virginiensis Edwards, 1870",-73.9167,45.35,gbif,1945-04-12
"Pieris virginiensis Edwards, 1870",-73.6333,41.0333,gbif,1942-05-13
"Pieris virginiensis Edwards, 1870",-81.378447,40.798947,gbif,1941-04-19
"Pieris virginiensis Edwards, 1870",-81.378433,40.798958,gbif,1941-04-19
"Pieris virginiensis Edwards, 1870",-81.378447,40.798947,gbif,1941-04-19
"Pieris virginiensis Edwards, 1870",-73.6333,41.0333,gbif,1941-05-04
"Pieris virginiensis Edwards, 1870",-81.423,40.613,gbif,1940-05-06
"Pieris virginiensis Edwards, 1870",-81.423,40.613,gbif,1940-05-06
"Pieris virginiensis Edwards, 1870",-81.423,40.613,gbif,1940-06-06
"Pieris virginiensis Edwards, 1870",-81.378433,40.798958,gbif,1939-04-26
"Pieris virginiensis Edwards, 1870",-81.378433,40.798958,gbif,1939-05-06
"Pieris virginiensis Edwards, 1870",-73.68361,40.98056,gbif,1939-05-20
"Pieris virginiensis Edwards, 1870",-81.378433,40.798958,gbif,1939-05-07
"Pieris virginiensis Edwards, 1870",-81.378433,40.798958,gbif,1938-04-27
"Pieris virginiensis Edwards, 1870",-73.5833,45.5,gbif,1934-04-18
"Pieris virginiensis Edwards, 1870",-73.6,45.4833,gbif,1933-05-01
"Pieris virginiensis Edwards, 1870",-75.662411,41.408968,gbif,1916-05-07
"Pieris virginiensis Edwards, 1870",-73.5833,45.5,gbif,1903-05-17
"Pieris virginiensis Edwards, 1870",-73.5833,45.5,gbif,1903-05-02
"Pieris virginiensis Edwards, 1870",-81.2333,42.9833,gbif,1900-04-28
"Pieris virginiensis Edwards, 1870",-81.2333,42.9833,gbif,1900-04-28
"Pieris virginiensis Edwards, 1870",-73.6,45.4833,gbif,1899-05-01
"Pieris virginiensis Edwards, 1870",-73.5833,45.5,gbif,1898-01-01
"Pieris virginiensis Edwards, 1870",-73.5833,45.5,gbif,1897-05-01
"Pieris virginiensis Edwards, 1870",-74.98929,44.668193,gbif,1896-01-01
"Pieris virginiensis Edwards, 1870",-73.5833,45.5,gbif,1885-05-23
"Pieris virginiensis Edwards, 1870",-79.85,43.25,gbif,1881-05-01
"Pieris virginiensis Edwards, 1870",-73.336507,41.613428999999996,gbif,1700-01-01
"Pieris virginiensis Edwards, 1870",-79.9808,43.5202,gbif,NA
"Pieris virginiensis Edwards, 1870",-79.9808,43.5202,gbif,NA
"Pieris virginiensis Edwards, 1870",-79.9808,43.5202,gbif,NA
"Pieris virginiensis Edwards, 1870",-79.9808,43.5202,gbif,NA
"Pieris virginiensis Edwards, 1870",-79.9886,43.4846,gbif,NA
"Pieris virginiensis Edwards, 1870",-73.31111,41.63139,gbif,NA
"Pieris virginiensis Edwards, 1870",-81.45335,40.80266,gbif,NA
"Pieris virginiensis Edwards, 1870",-79.9808,43.5202,gbif,NA
"Pieris virginiensis Edwards, 1870",-79.9886,43.4846,gbif,NA
"Pieris virginiensis Edwards, 1870",-79.9886,43.4846,gbif,NA
"Pieris virginiensis Edwards, 1870",-73.9167,45.35,gbif,NA
"Pieris virginiensis Edwards, 1870",-73.9167,45.35,gbif,NA
"Pieris virginiensis Edwards, 1870",-79.85,43.25,gbif,NA
"Pieris virginiensis Edwards, 1870",-79.9886,43.4846,gbif,NA
"Pieris virginiensis Edwards, 1870",-79.9793,43.4892,gbif,NA
"Pieris virginiensis Edwards, 1870",-73.9333,45.4167,gbif,NA
"Pieris virginiensis Edwards, 1870",-79.9808,43.5202,gbif,NA
"Pieris virginiensis Edwards, 1870",-84.15925,36.401592,gbif,NA
"Pieris virginiensis Edwards, 1870",-76.49694,42.44056,gbif,NA
Pieris virginiensis,-81.5986389531,44.4250851441,inat,2019-06-09
Pieris virginiensis,-76.4281827821,44.5969407571,inat,2019-05-31
Pieris virginiensis,-80.5008554453,41.9833784829,inat,2019-05-06
Pieris virginiensis,-80.4646823812,41.9177412533,inat,2019-05-05
Pieris virginiensis,-88.6975219684,45.3321492797,inat,2019-05-30
Pieris virginiensis,-88.7238164598,45.2396763245,inat,2019-05-30
Pieris virginiensis,-76.1617967581,43.4086826645,inat,2019-05-22
Pieris virginiensis,-83.2439330205,35.5558293377,inat,2019-04-22
Pieris virginiensis,-79.2736929264,39.2097532193,inat,2019-05-17
Pieris virginiensis,-86.0696661782,44.4979698971,inat,2019-05-11
Pieris virginiensis,-79.8629686891,43.5731263484,inat,2019-05-17
Pieris virginiensis,-86.138663933,44.4347892559,inat,2019-05-10
Pieris virginiensis,-78.578002201,44.7464061379,inat,2019-05-19
Pieris virginiensis,-72.7773735669,42.9881933921,inat,2019-05-18
Pieris virginiensis,-72.9555698684,43.582304407,inat,2019-05-17
Pieris virginiensis,-79.827659845,43.5020629109,inat,2019-05-17
Pieris virginiensis,-76.4063368406,44.5097526577,inat,2019-05-15
Pieris virginiensis,-75.0121362012,44.4439657669,inat,2019-05-15
Pieris virginiensis,-79.855265791,43.5973666087,inat,2019-05-08
Pieris virginiensis,-75.3860713117,44.3869663358,inat,2019-05-09
Pieris virginiensis,-79.95843967,43.4509049155,inat,2019-05-05
Pieris virginiensis,-75.7809624802,44.4974262864,inat,2019-05-06
Pieris virginiensis,-75.7333866663,44.4392668478,inat,2019-05-06
Pieris virginiensis,-78.5288209074,40.7123786055,inat,2019-05-03
Pieris virginiensis,-79.8727071881,43.5979713335,inat,2019-05-05
Pieris virginiensis,-82.2056903731,36.4237146046,inat,2019-05-01
Pieris virginiensis,-79.5731946374,38.8555215473,inat,2019-04-27
Pieris virginiensis,-79.5043414119,38.9274500916,inat,2019-04-27
Pieris virginiensis,-81.7117275416,41.3233227817,inat,2019-05-01
Pieris virginiensis,-81.1399099249,41.2989335546,inat,2019-04-27
Pieris virginiensis,-81.0387857084,41.2531513944,inat,2019-04-27
Pieris virginiensis,-83.7520388206,35.7482794238,inat,2019-04-27
Pieris virginiensis,-80.1162756396,41.1744120994,inat,2019-04-27
Pieris virginiensis,-73.137671448,44.68810447,inat,2012-05-06
Pieris virginiensis,-73.1584717904,44.7206553882,inat,2012-05-06
Pieris virginiensis,-78.2125936369,42.1966509195,inat,2019-04-25
Pieris virginiensis,-83.5332969262,35.7452747356,inat,2019-04-24
Pieris virginiensis,-81.0804008898,41.1155181516,inat,2019-04-23
Pieris virginiensis,-83.9764964202,35.2382251895,inat,2019-04-23
Pieris virginiensis,-81.1202576044,41.0473802463,inat,2019-04-23
Pieris virginiensis,-81.7911095679,41.3258542971,inat,2019-04-22
Pieris virginiensis,-79.435026789,39.2973385706,inat,2019-04-22
Pieris virginiensis,-80.8460933712,41.4506357976,inat,2019-04-22
Pieris virginiensis,-80.954598861,41.5234764645,inat,2019-04-20
Pieris virginiensis,-82.553617993,36.0085951501,inat,2019-04-17
Pieris virginiensis,-79.7009415254,40.6805087244,inat,2019-04-18
Pieris virginiensis,-83.3068187527,34.7793198235,inat,2019-04-13
Pieris virginiensis,-83.1100250245,35.6928235535,inat,2019-04-15
Pieris virginiensis,-83.444132462,35.6124773592,inat,2019-04-15
Pieris virginiensis,-83.2195968982,35.4249252876,inat,2019-04-09
Pieris virginiensis,-82.3335442776,35.6730521097,inat,2019-04-11
Pieris virginiensis,-83.6488005551,35.7810510511,inat,2019-04-11
Pieris virginiensis,-83.3633833089,35.5459553016,inat,2019-04-09
Pieris virginiensis,-83.0958951334,35.6985762303,inat,2019-04-10
Pieris virginiensis,-79.4550992385,38.6268331252,inat,2019-04-10
Pieris virginiensis,-84.4711104152,36.0744742908,inat,2019-04-10
Pieris virginiensis,-83.705149439,35.7838550245,inat,2019-04-08
Pieris virginiensis,-83.3618634982,35.7757615423,inat,2019-04-07
Pieris virginiensis,-82.4451158479,36.6146023757,inat,2019-04-06
Pieris virginiensis,-82.7910570957,36.5754610116,inat,2019-04-06
Pieris virginiensis,-83.4256336126,35.0160437241,inat,2019-04-05
Pieris virginiensis,-83.4331854001,35.0461827428,inat,2019-04-05
Pieris virginiensis,-83.3062544778,35.6732288749,inat,2019-04-04
Pieris virginiensis,-83.2540077287,35.6713654365,inat,2019-04-04
Pieris virginiensis,-85.4631500325,35.4924856971,inat,2019-03-31
Pieris virginiensis,-83.4190218711,35.782352105,inat,2019-03-28
Pieris virginiensis,-78.470433506,44.6020261904,inat,2018-05-17
Pieris virginiensis,-81.0104166493,40.5201452742,inat,2016-04-16
Pieris virginiensis,-78.4936838007,44.6253013957,inat,2018-05-18
Pieris virginiensis,-76.848250011,42.3309436521,inat,2018-05-14
Pieris virginiensis,-83.9944301835,35.2721210881,inat,2005-04-10
Pieris virginiensis,-83.8487846312,35.2129999247,inat,2005-04-10
Pieris virginiensis,-83.9083674667,35.3197701945,inat,2005-04-13
Pieris virginiensis,-74.8522870126,44.5144709728,inat,2018-05-24
Pieris virginiensis,-82.4231202835,36.9743401589,inat,2008-05-25
Pieris virginiensis,-84.1572022721,36.3770164851,inat,2012-03-25
Pieris virginiensis,-76.3099121089,43.4672024545,inat,2017-05-17
Pieris virginiensis,-80.5717748163,41.9038577133,inat,2018-05-06
Pieris virginiensis,-80.8529924023,41.7140268055,inat,2018-05-16
Pieris virginiensis,-73.115789256,42.6599538189,inat,2018-06-03
Pieris virginiensis,-73.2818256966,42.6112848652,inat,2018-06-02
Pieris virginiensis,-82.9532636905,35.8333729513,inat,2018-04-13
Pieris virginiensis,-82.8365990028,35.9293905948,inat,2018-04-13
Pieris virginiensis,-79.9977853146,43.4441419603,inat,2018-05-25
Pieris virginiensis,-79.5980866851,38.6937236406,inat,2018-05-23
Pieris virginiensis,-75.23282281,44.3959792921,inat,2018-05-20
Pieris virginiensis,-79.5895835566,39.9835481311,inat,2018-05-12
Pieris virginiensis,-79.9345157455,43.541637292,inat,2018-05-12
Pieris virginiensis,-73.0585881863,43.5100171988,inat,2018-05-10
Pieris virginiensis,-79.9202228309,43.5940533557,inat,2018-05-11
Pieris virginiensis,-73.0606454273,44.6950561166,inat,2018-05-11
Pieris virginiensis,-79.8760794936,43.4419389651,inat,2018-05-11
Pieris virginiensis,-79.5810009303,38.9903326104,inat,2018-05-09
Pieris virginiensis,-75.0620053636,44.4723217824,inat,2018-05-06
Pieris virginiensis,-75.1862989573,44.4029243068,inat,2018-05-06
Pieris virginiensis,-79.3356408099,40.2989467721,inat,2018-05-05
Pieris virginiensis,-80.0537276637,41.0359085434,inat,2018-05-05
Pieris virginiensis,-79.9460472441,43.5171245814,inat,2018-05-05
Pieris virginiensis,-79.5538366345,39.8854205422,inat,2018-05-01
Pieris virginiensis,-79.4693119267,39.9711167743,inat,2018-05-01
Pieris virginiensis,-79.5436010008,39.9669111954,inat,2018-05-01
Pieris virginiensis,-79.4980651919,39.9966042799,inat,2018-05-01
Pieris virginiensis,-79.1458494752,42.1320099963,inat,2018-05-02
Pieris virginiensis,-79.9370397495,43.526273057,inat,2018-05-01
Pieris virginiensis,-75.2259664881,44.3474994086,inat,2017-04-26
Pieris virginiensis,-79.4620679534,39.8226089433,inat,2018-04-30
Pieris virginiensis,-81.2790450658,41.5016096012,inat,2018-04-30
Pieris virginiensis,-79.506291088,39.8806147127,inat,2018-04-30
Pieris virginiensis,-79.8817392122,43.4508253863,inat,2018-04-30
Pieris virginiensis,-79.5689380603,40.7532279347,inat,2018-04-28
Pieris virginiensis,-79.9869049083,39.5538984172,inat,2018-04-23
Pieris virginiensis,-82.0138083422,36.0248847866,inat,2018-04-21
Pieris virginiensis,-79.7454923154,39.1652494087,inat,2018-04-22
Pieris virginiensis,-79.6891192755,39.1524584586,inat,2018-04-22
Pieris virginiensis,-79.4295180147,40.4972239972,inat,2018-04-22
Pieris virginiensis,-79.4482664796,40.7667156355,inat,2018-04-20
Pieris virginiensis,-80.1151227551,41.7865392949,inat,2017-04-16
Pieris virginiensis,-82.9654842938,35.8418674069,inat,2018-04-13
Pieris virginiensis,-79.8374715088,43.5820811374,inat,1997-05-24
Pieris virginiensis,-85.2188768125,34.6533844987,inat,2018-03-24
Pieris virginiensis,-82.2328181638,35.2996117474,inat,2018-03-29
Pieris virginiensis,-83.400423015,35.6315448211,inat,2018-03-26
Pieris virginiensis,-80.5620317812,41.9912187486,inat,2016-04-27
Pieris virginiensis,-80.662329078,41.8914191681,inat,2017-04-26
Pieris virginiensis,-78.581932018,44.6180494587,inat,2010-04-21
Pieris virginiensis,-85.3683510871,34.75113603,inat,2017-04-01
Pieris virginiensis,-79.6794703004,38.9826193408,inat,2014-04-18
Pieris virginiensis,-78.2819462829,44.5694080348,inat,2017-05-31
Pieris virginiensis,-79.6129981769,39.0190857679,inat,2016-04-28
Pieris virginiensis,-80.3372734521,38.2225486657,inat,2017-04-18
Pieris virginiensis,-79.8667518767,39.7633934902,inat,2017-05-10
Pieris virginiensis,-79.9196180103,39.7901616731,inat,2017-05-10
Pieris virginiensis,-72.4773684862,42.4711279754,inat,2017-05-04
Pieris virginiensis,-72.5168952956,42.5085474198,inat,2017-05-04
Pieris virginiensis,-72.4044471675,43.0429212665,inat,2017-04-28
Pieris virginiensis,-79.9427108509,43.5466053691,inat,2017-04-26
Pieris virginiensis,-79.8591881008,43.5073800293,inat,2017-04-26
Pieris virginiensis,-79.9485354604,43.5460912289,inat,2017-04-26
Pieris virginiensis,-81.1087866238,41.0212888701,inat,2017-04-20
Pieris virginiensis,-79.3029124716,40.1533722051,inat,2017-04-17
Pieris virginiensis,-83.0768890056,35.6844611294,inat,2017-04-10
Pieris virginiensis,-79.5493648817,39.8239220024,inat,2017-04-14
Pieris virginiensis,-79.8752798895,39.4735736825,inat,2017-04-09
Pieris virginiensis,-84.6386374733,34.85343179,inat,2012-04-02
Pieris virginiensis,-83.6082477262,35.3170901409,inat,2005-04-29
Pieris virginiensis,-89.1187468402,45.2962805128,inat,2016-05-29
Pieris virginiensis,-81.7392068105,36.1291677336,inat,2012-04-07
Pieris virginiensis,-75.8957268346,43.5907746871,inat,2016-04-30
Pieris virginiensis,-84.5630101778,47.3946184744,inat,2016-05-09
Pieris virginiensis,-79.4628568055,40.5985895219,inat,2016-05-02
Pieris virginiensis,-79.5329540486,40.4731684328,inat,2016-05-02
Pieris virginiensis,-79.7614388262,39.5070033257,inat,2016-04-30
Pieris virginiensis,-80.0015896652,41.0627965094,inat,2016-04-30
Pieris virginiensis,-73.1325876745,43.7111313748,inat,2016-04-24
Pieris virginiensis,-73.2314393766,42.3834137104,inat,2016-04-20
Pieris virginiensis,-81.203722597,41.4381621019,inat,2016-04-19
Pieris virginiensis,-81.3346063071,41.5303908382,inat,2016-04-18
Pieris virginiensis,-81.1685674322,41.0697629196,inat,2016-04-15
Pieris virginiensis,-84.4492795439,36.0587587114,inat,2016-04-08
Pieris virginiensis,-84.8760560007,36.5508596725,inat,2012-04-10
Pieris virginiensis,-79.5667701193,39.950013678,inat,2008-06-01
Pieris virginiensis,-81.2309515043,41.4668638757,inat,2015-04-29
Pieris virginiensis,-81.0198810971,41.0101650691,inat,2015-04-25
Pieris virginiensis,-86.2889759507,36.1322291854,inat,2015-04-01
Pieris virginiensis,-72.4093714114,42.8560682866,inat,2015-05-07
Pieris virginiensis,-79.7413241079,40.1669797819,inat,2015-05-07
Pieris virginiensis,-79.4271299815,39.8543148417,inat,2015-05-02
Pieris virginiensis,-79.492248202,39.9988261601,inat,2015-05-02
Pieris virginiensis,-79.5820829978,39.9569217083,inat,2015-05-02
Pieris virginiensis,-78.7095444875,42.1743875237,inat,2015-05-02
Pieris virginiensis,-79.5978106327,40.5725171377,inat,2015-05-01
Pieris virginiensis,-79.5477468341,40.5228732483,inat,2015-05-01
Pieris virginiensis,-80.0259574226,41.177081289,inat,2015-04-29
Pieris virginiensis,-83.6943778623,35.7028815685,inat,2015-04-04
Pieris virginiensis,-86.2167393013,36.0382625676,inat,2015-04-01
Pieris virginiensis,-85.5030039324,35.0870851681,inat,2015-03-31
Pieris virginiensis,-83.7378901221,35.6757442328,inat,2015-03-29
Pieris virginiensis,-73.2122684049,42.9622896146,inat,2014-05-05
Pieris virginiensis,-79.3462384339,40.0734165947,inat,2014-05-13
Pieris virginiensis,-79.3487637193,40.1887978222,inat,2014-05-13
Pieris virginiensis,-81.0072825854,41.0990640847,inat,2014-05-12
Pieris virginiensis,-80.1659496959,41.1546695834,inat,2014-05-04
Pieris virginiensis,-72.5633607274,42.9087992536,inat,2014-05-01
Pieris virginiensis,-81.7898561185,41.3356816029,inat,2014-04-24
Pieris virginiensis,-79.4675427009,39.8860059244,inat,2014-04-19
Pieris virginiensis,-79.5889070818,39.8202712556,inat,2014-04-19
Pieris virginiensis,-79.4184166332,39.9292288791,inat,2014-04-19
Pieris virginiensis,-79.4427630497,39.964014864,inat,2014-04-19
Pieris virginiensis,-79.598926038,39.8425743368,inat,2014-04-19
Pieris virginiensis,-79.4826589531,39.8964492632,inat,2014-04-19
Pieris virginiensis,-73.0331992417,43.6883980521,inat,2005-06-02
Pieris virginiensis,-73.1923318229,43.619810234,inat,2005-05-13
Pieris virginiensis,-80.2504399144,41.978897907,inat,2008-05-06
Pieris virginiensis,-79.5935126852,39.8782284876,inat,2013-05-17
Pieris virginiensis,-80.4101193167,40.6967986372,inat,2013-05-01
Pieris virginiensis,-80.5915341194,40.6761991975,inat,2013-05-01
Pieris virginiensis,-73.225094837,42.9863750167,inat,2011-04-30
Pieris virginiensis,-73.2618368505,42.9361463318,inat,2011-04-30
Pieris virginiensis,-73.2577183742,42.9174477222,inat,2011-04-30
Pieris virginiensis,-73.2073834283,42.9454634913,inat,2012-04-07
Pieris virginiensis,-73.3190339524,42.916193895,inat,2012-04-07
Pieris virginiensis,-73.2186295552,42.8429992459,inat,2012-04-14
Pieris virginiensis,-73.0143380858,42.6639075736,inat,2012-05-05
Pieris virginiensis,-86.7446341486,38.6366274706,inat,2011-04-21
